{
  "name": "quality-seeds",
  "version": "0.1.0",
  "title": "Quality Seeds: A Yumako and Jellystem Quality Mod",
  "author": "Michael Michael",
  "factorio_version": "2.0",
  "dependencies": ["base >= 2.0.0", "quality >= 2.0.0", "space-age >= 2.0.0"],
  "description": "This mod takes you back to Gleba after Aquilo in the hopes of utilising all your technology to conquer legendary quality builds.\n\nIt is designed to be very balanced with the base game, and adds a late-game strategy to reliably create high quality seeds through radiation breeding, as well as novel but inefficient cultivation strategies to utilise any of your quality seeds! \n\nIf you were like me, and got to the end of SpaceAge, and was frustrated that Gleba - despite its difficulty - never quite rewarded you in comparison to Vulcanus (infinite resources) / Fulgora (endless rockets and blue circuits), and that quality was too grindy to scale up, and that you just deserved a feasible strategy to make a legendary factory...\n ...then this mod is for you!\nMake mastery of Glebas tricky spoil mechanic the best place to build Rare, or legendary items!\n\n Changelist:\n - Adds 2 researches which unlock the mods content.\n - Two Greenhouse Cultivating buildings, with custom graphic, which are only built on Yumako/Jellynut soils, and have a custom recipe to grow fruits from seeds. (Including quality fruits!)\n - Adds recipes to iterate over seeds in the cryogenic facility, giving an ability to create higher quality seeds at a small cost of uranium.",
  "quality_required": true
}